nombre,pais,estado,ciudad,imagen,genero,id
Hugh Ullrich,Morocco,Vermont,Kingsport,https://cloudflare-ipfs.com/ipfs/Qmd3W5DuhgHirLHGVixi6V76LhCkZUz6pnFt5AJBiyvHye/avatar/717.jpg,Two* person,1
Theodore Stehr,Guatemala,Kansas,Jefferson City,https://cloudflare-ipfs.com/ipfs/Qmd3W5DuhgHirLHGVixi6V76LhCkZUz6pnFt5AJBiyvHye/avatar/436.jpg,Cisgender female,2
Angel Haley,Qatar,Hawaii,Weston,https://cloudflare-ipfs.com/ipfs/Qmd3W5DuhgHirLHGVixi6V76LhCkZUz6pnFt5AJBiyvHye/avatar/1232.jpg,Demigender,3
Naomi Welch,Bosnia and Herzegovina,North Carolina,Tracy,https://cloudflare-ipfs.com/ipfs/Qmd3W5DuhgHirLHGVixi6V76LhCkZUz6pnFt5AJBiyvHye/avatar/875.jpg,M2F,4
Mathew Ullrich,Vanuatu,Maryland,Rancho Cordova,https://cloudflare-ipfs.com/ipfs/Qmd3W5DuhgHirLHGVixi6V76LhCkZUz6pnFt5AJBiyvHye/avatar/562.jpg,Transexual person,5
Bill Walter,Seychelles,North Carolina,Gary,https://cloudflare-ipfs.com/ipfs/Qmd3W5DuhgHirLHGVixi6V76LhCkZUz6pnFt5AJBiyvHye/avatar/391.jpg,Female to male transsexual man,6
Aaron Bergstrom,Mauritius,Arkansas,Edina,https://cloudflare-ipfs.com/ipfs/Qmd3W5DuhgHirLHGVixi6V76LhCkZUz6pnFt5AJBiyvHye/avatar/528.jpg,Cis female,7
Grady Pfannerstill,Chad,Massachusetts,Santa Ana,https://cloudflare-ipfs.com/ipfs/Qmd3W5DuhgHirLHGVixi6V76LhCkZUz6pnFt5AJBiyvHye/avatar/754.jpg,Agender,8
Lisa Wunsch Jr.,Nicaragua,California,Madison,https://cloudflare-ipfs.com/ipfs/Qmd3W5DuhgHirLHGVixi6V76LhCkZUz6pnFt5AJBiyvHye/avatar/875.jpg,Transexual man,9
Miss Neil Bechtelar,Kyrgyz Republic,Connecticut,Methuen Town,https://cloudflare-ipfs.com/ipfs/Qmd3W5DuhgHirLHGVixi6V76LhCkZUz6pnFt5AJBiyvHye/avatar/473.jpg,Trans woman,10
Marianne Terry Sr.,Samoa,Vermont,Gilbert,https://cloudflare-ipfs.com/ipfs/Qmd3W5DuhgHirLHGVixi6V76LhCkZUz6pnFt5AJBiyvHye/avatar/642.jpg,Cis,11
Leonard Kub,French Southern Territories,Missouri,Santa Fe,https://cloudflare-ipfs.com/ipfs/Qmd3W5DuhgHirLHGVixi6V76LhCkZUz6pnFt5AJBiyvHye/avatar/810.jpg,Gender neutral,12
Julian Goyette DDS,Greenland,Arkansas,Pensacola,https://cloudflare-ipfs.com/ipfs/Qmd3W5DuhgHirLHGVixi6V76LhCkZUz6pnFt5AJBiyvHye/avatar/1156.jpg,Transexual male,13
Cameron Swaniawski,Syrian Arab Republic,Florida,Downey,https://cloudflare-ipfs.com/ipfs/Qmd3W5DuhgHirLHGVixi6V76LhCkZUz6pnFt5AJBiyvHye/avatar/588.jpg,Demigender,14
Myrtle Fay DVM,Brunei Darussalam,Vermont,Chicago,https://cloudflare-ipfs.com/ipfs/Qmd3W5DuhgHirLHGVixi6V76LhCkZUz6pnFt5AJBiyvHye/avatar/219.jpg,Female to male transsexual man,15
Daisy O'Conner III,Saint Barthelemy,Indiana,Taunton,https://cloudflare-ipfs.com/ipfs/Qmd3W5DuhgHirLHGVixi6V76LhCkZUz6pnFt5AJBiyvHye/avatar/35.jpg,Gender fluid,16
Mrs. Devin Corwin,Ecuador,Vermont,High Point,https://cloudflare-ipfs.com/ipfs/Qmd3W5DuhgHirLHGVixi6V76LhCkZUz6pnFt5AJBiyvHye/avatar/180.jpg,Demi-man,17
Adam Steuber,United States of America,Nebraska,Berkeley,https://cloudflare-ipfs.com/ipfs/Qmd3W5DuhgHirLHGVixi6V76LhCkZUz6pnFt5AJBiyvHye/avatar/1135.jpg,M2F,18
Ms. Willie Stark,Zambia,Alaska,Rocklin,https://cloudflare-ipfs.com/ipfs/Qmd3W5DuhgHirLHGVixi6V76LhCkZUz6pnFt5AJBiyvHye/avatar/758.jpg,Demi-boy,19
Juanita Rempel,Dominican Republic,Pennsylvania,Salina,https://cloudflare-ipfs.com/ipfs/Qmd3W5DuhgHirLHGVixi6V76LhCkZUz6pnFt5AJBiyvHye/avatar/1123.jpg,Gender variant,20
Kirk Stiedemann,Niger,North Carolina,Peabody,https://cloudflare-ipfs.com/ipfs/Qmd3W5DuhgHirLHGVixi6V76LhCkZUz6pnFt5AJBiyvHye/avatar/970.jpg,Pangender,21
Theodore Howe,Guadeloupe,New York,San Juan,https://cloudflare-ipfs.com/ipfs/Qmd3W5DuhgHirLHGVixi6V76LhCkZUz6pnFt5AJBiyvHye/avatar/306.jpg,Intersex man,22
Rachel Gutkowski,Papua New Guinea,Louisiana,Terre Haute,https://cloudflare-ipfs.com/ipfs/Qmd3W5DuhgHirLHGVixi6V76LhCkZUz6pnFt5AJBiyvHye/avatar/1091.jpg,Female to male transgender man,23
Mildred Cruickshank,Switzerland,South Dakota,Strongsville,https://cloudflare-ipfs.com/ipfs/Qmd3W5DuhgHirLHGVixi6V76LhCkZUz6pnFt5AJBiyvHye/avatar/541.jpg,Transexual male,24
Dianna Hudson,Armenia,Delaware,Tallahassee,https://cloudflare-ipfs.com/ipfs/Qmd3W5DuhgHirLHGVixi6V76LhCkZUz6pnFt5AJBiyvHye/avatar/1215.jpg,Gender fluid,25
